1,google.com
2,microsoft.com
3,facebook.com
4,youtube.com
5,amazon.com
6,apple.com
8,wikipedia.org
14,reddit.com
22,netflix.com
41,nytimes.com
48,bbc.co.uk
52,cnn.com
60,bbc.com
71,paypal.com
88,walmart.com
95,espn.com
112,chase.com
131,target.com
146,bankofamerica.com
158,homedepot.com
175,usps.com
203,wellsfargo.com
214,bestbuy.com
236,americanexpress.com
251,ikea.com
268,capitalone.com
297,citi.com
322,cdc.gov
355,att.com
388,nasa.gov
410,irs.gov
457,delta.com
503,usbank.com
538,united.com
604,aa.com
633,southwest.com
689,ssa.gov
702,ford.com
811,harvard.edu
893,stanford.edu
945,mit.edu
1093,va.gov
1288,mcdonalds.com
1504,nerdwallet.com
1876,nba.com
3410,slickdeals.net
4790,usa.gov
9120,amazon.jobs
20966,deltafaucet.com
28344,fordfoundation.org
44016,chasecenter.com
