item	label	website
http://www.wikidata.org/entity/Q90000001	U.S. Bancorp	https://www.usbank.com/
http://www.wikidata.org/entity/Q90000002	Bank of America	https://www.bankofamerica.com/
http://www.wikidata.org/entity/Q90000003	Chase Bank	https://www.chase.com/
http://www.wikidata.org/entity/Q90000004	Wells Fargo	https://www.wellsfargo.com/
http://www.wikidata.org/entity/Q90000005	Citibank	https://www.citi.com/
http://www.wikidata.org/entity/Q90000006	Capital One	https://www.capitalone.com/
http://www.wikidata.org/entity/Q90000007	American Express	https://www.americanexpress.com/
http://www.wikidata.org/entity/Q90000008	PayPal	https://www.paypal.com/
Q90000009	Internal Revenue Service	https://www.irs.gov/
Q90000010	Social Security Administration	https://www.ssa.gov/
Q90000011	United States Postal Service	https://www.usps.com/
Q90000012	Medicare	https://www.medicare.gov/
Q90000013	NASA	https://www.nasa.gov/
Q90000014	Centers for Disease Control and Prevention	https://www.cdc.gov/
Q90000015	United States Department of Veterans Affairs	https://www.va.gov/
Q90000016	Amazon	https://www.amazon.com/
Q90000017	Walmart	https://www.walmart.com/
Q90000018	Target Corporation	https://www.target.com/
Q90000019	The Home Depot	https://www.homedepot.com/
Q90000020	Best Buy	https://www.bestbuy.com/
Q90000021	IKEA	https://www.ikea.com/
Q90000022	McDonald's	https://www.mcdonalds.com/
Q90000023	Delta Air Lines	https://www.delta.com/
Q90000024	Delta Faucet Company	https://www.deltafaucet.com/
Q90000025	United Airlines	https://www.united.com/
Q90000026	American Airlines	https://www.aa.com/
Q90000027	Southwest Airlines	https://www.southwest.com/
Q90000028	The New York Times	https://www.nytimes.com/
Q90000029	BBC	https://www.bbc.co.uk/
Q90000030	CNN	https://www.cnn.com/
Q90000031	ESPN	https://www.espn.com/
Q90000032	Google	https://www.google.com/
Q90000033	YouTube	https://www.youtube.com/
Q90000034	Microsoft	https://www.microsoft.com/
Q90000035	Apple Inc.	https://www.apple.com/
Q90000036	Netflix	https://www.netflix.com/
Q90000037	Wikipedia	https://www.wikipedia.org/
Q90000038	Reddit	https://www.reddit.com/
Q90000039	Massachusetts Institute of Technology	https://web.mit.edu/
Q90000040	Harvard University	https://www.harvard.edu/
Q90000041	Stanford University	https://www.stanford.edu/
Q90000042	AT&T	https://www.att.com/
Q90000043	Ford Motor Company	https://www.ford.com/
Q90000044	Ford Foundation	https://www.fordfoundation.org/
Q90000045	Chase Center	https://www.chasecenter.com/
Q90000046	Facebook	https://www.facebook.com/
Q90000047	Springfield Public Library	https://www.facebook.com/springfieldpubliclibrary
Q90000048	Riverside Community Choir	https://www.facebook.com/riversidechoir
Q90000049	Maple Street Bakery	https://www.facebook.com/maplestreetbakery
Q90000050	Lakeview Rowing Club	https://www.facebook.com/lakeviewrowing
Q90000051	Hilltop Animal Shelter	https://www.facebook.com/hilltopshelter
Q90000052	Northside Chess Society	https://www.facebook.com/northsidechess
Q90000053	Example Research Lab	http://192.0.2.10/
